{
    "name": "create_data_products_trigger_3",
    "properties": {
        "annotations": [],
        "runtimeState": "Started",
        "pipelines": [
            {
                "pipelineReference": {
                    "referenceName": "createDataProductOrderProductionCodes",
                    "type": "PipelineReference"
                }
            },
            {
                "pipelineReference": {
                    "referenceName": "createDataProductOrders",
                    "type": "PipelineReference"
                }
            },
            {
                "pipelineReference": {
                    "referenceName": "createDataProductOrdersClean",
                    "type": "PipelineReference"
                }
            },
            {
                "pipelineReference": {
                    "referenceName": "createDataProductPoiPmiMapping",
                    "type": "PipelineReference"
                }
            },
            {
                "pipelineReference": {
                    "referenceName": "createDataProductPqdMeasurements",
                    "type": "PipelineReference"
                }
            },
            {
                "pipelineReference": {
                    "referenceName": "createDataProductPqdMeasurementValues",
                    "type": "PipelineReference"
                }
            },
            {
                "pipelineReference": {
                    "referenceName": "createDataProductShiftNumbers",
                    "type": "PipelineReference"
                }
            },
            {
                "pipelineReference": {
                    "referenceName": "createDataProductBatteryHierarchies",
                    "type": "PipelineReference"
                }
            },
            {
                "pipelineReference": {
                    "referenceName": "createDataProductBatteryModules",
                    "type": "PipelineReference"
                }
            },
            {
                "pipelineReference": {
                    "referenceName": "createDataProductMapEnvToWpPs",
                    "type": "PipelineReference"
                }
            },
            {
                "pipelineReference": {
                    "referenceName": "createDataProductLogisticOrderComplexJisPositions",
                    "type": "PipelineReference"
                }
            },
            {
                "pipelineReference": {
                    "referenceName": "createDataProductLogisticOrderHeadersHistory",
                    "type": "PipelineReference"
                }
            },
            {
                "pipelineReference": {
                    "referenceName": "createDataProductOrderModuleMapping",
                    "type": "PipelineReference"
                }
            },
            {
                "pipelineReference": {
                    "referenceName": "createDataProductOrderInventories",
                    "type": "PipelineReference"
                }
            }
        ],
        "type": "ScheduleTrigger",
        "typeProperties": {
            "recurrence": {
                "frequency": "Hour",
                "interval": 1,
                "startTime": "2023-03-28T06:50:00",
                "timeZone": "W. Europe Standard Time"
            }
        }
    }
}