{
    "name": "createDataProductsDataFlow",
    "properties": {
        "description": "create Data Products using Postgres as source and Data Lake as sink",
        "type": "MappingDataFlow",
        "typeProperties": {
            "sources": [
                {
                    "linkedService": {
                        "referenceName": "ls_psql_mrs_data",
                        "type": "LinkedServiceReference"
                    },
                    "name": "DataSource"
                }
            ],
            "sinks": [
                {
                    "linkedService": {
                        "referenceName": "ls_dls_mrs_data_datalake",
                        "type": "LinkedServiceReference"
                    },
                    "name": "StoreDataProductInDataLakeAsDelta"
                },
                {
                    "dataset": {
                        "referenceName": "ds_adx_mrs_data",
                        "type": "DatasetReference"
                    },
                    "name": "StoreDataProductInADX"
                }
            ],
            "transformations": [
                {
                    "name": "DistinctRows"
                },
                {
                    "name": "Upsert"
                },
                {
                    "name": "CheckAdlInsert"
                }
            ],
            "script": "parameters{\n\tDataProductName as string,\n\tSQLQuery as string,\n\tSinkDataLakeContainerName as string,\n\tKeyColumnsList as string[],\n\tStartdate as string,\n\tStoreInAdl as boolean (true())\n}\nsource(output(\n\t\tlupd_datetime as timestamp,\n\t\tplant as string\n\t),\n\tallowSchemaDrift: true,\n\tvalidateSchema: false,\n\tformat: 'query',\n\tquery: (replace(replace($SQLQuery, \":endDatePlaceholder\", \"'\" + toString(addDays(toDate($Startdate, \"yyyy-MM-dd\"), 1), \"yyyy-MM-dd\") + \"'\"), \":startDatePlaceholder\", \"'\" + $Startdate + \"'\")),\n\tstore: 'postgres',\n\tisolationLevel: 'READ_UNCOMMITTED',\n\tpartitionBy('hash', 1)) ~> DataSource\nCheckAdlInsert aggregate(groupBy(mycols = sha2(256,columns())),\n\teach(match(true()), $$ = first($$))) ~> DistinctRows\nDistinctRows alterRow(upsertIf(true())) ~> Upsert\nDataSource filter($StoreInAdl) ~> CheckAdlInsert\nUpsert sink(allowSchemaDrift: true,\n\tvalidateSchema: false,\n\tformat: 'delta',\n\tfileSystem: ($SinkDataLakeContainerName),\n\tfolderPath: (concat(\"DataProducts/\", $DataProductName, '/Delta')),\n\tmergeSchema: true,\n\tautoCompact: false,\n\toptimizedWrite: true,\n\tvacuum: 0,\n\tdeletable: false,\n\tinsertable: false,\n\tupdateable: false,\n\tupsertable: true,\n\tkeys:($KeyColumnsList),\n\tumask: 0766,\n\tpreCommands: [],\n\tpostCommands: [],\n\tskipDuplicateMapInputs: true,\n\tskipDuplicateMapOutputs: true,\n\tmapColumn(\n\t\teach(match(name!='mycols'))\n\t),\n\tpartitionBy('key',\n\t\t0,\n\t\tplant\n\t)) ~> StoreDataProductInDataLakeAsDelta\nDataSource sink(allowSchemaDrift: true,\n\tvalidateSchema: false,\n\tformat: 'table',\n\tskipDuplicateMapInputs: true,\n\tskipDuplicateMapOutputs: true) ~> StoreDataProductInADX"
        }
    }
}