{
    "name": "retrieveMissingRunDates",
    "properties": {
        "type": "MappingDataFlow",
        "typeProperties": {
            "sources": [
                {
                    "dataset": {
                        "referenceName": "ds_psql_mrs_meta",
                        "type": "DatasetReference"
                    },
                    "name": "Database"
                }
            ],
            "sinks": [
                {
                    "name": "LastRunInfo"
                },
                {
                    "dataset": {
                        "referenceName": "ds_psql_mrs_meta",
                        "type": "DatasetReference"
                    },
                    "name": "DatabaseSink",
                    "description": "Set is_active to ds_psql_mrs_meta"
                }
            ],
            "transformations": [
                {
                    "name": "FilterForDataProduct"
                },
                {
                    "name": "CalculateStartDates"
                },
                {
                    "name": "calcDuration",
                    "description": "Setting is_active to true"
                },
                {
                    "name": "UpsertCondition",
                    "description": "upsert is_active"
                },
                {
                    "name": "calculateArraySize"
                },
                {
                    "name": "setIsActive"
                }
            ],
            "scriptLines": [
                "parameters{",
                "     DataProductName as string",
                "}",
                "source(output(",
                "          data_product as string,",
                "          last_run_datetime as timestamp,",
                "          start_datetime as timestamp,",
                "          end_datetime as timestamp,",
                "          is_active as boolean",
                "     ),",
                "     allowSchemaDrift: true,",
                "     validateSchema: false,",
                "     limit: 100,",
                "     isolationLevel: 'READ_UNCOMMITTED',",
                "     format: 'table') ~> Database",
                "Database filter(equals(data_product, $DataProductName)) ~> FilterForDataProduct",
                "calculateArraySize derive(startDate = iif(do_start, ",
                "     sort(",
                "               mapLoop(arraySize, ",
                "                    toString(",
                "                         iif(toInteger(#index) == arraySize, last_run_datetime, ",
                "                              toTimestamp(addDays(toDate(last_run_datetime), toInteger(#index)))",
                "                         )                ",
                "                    )",
                "               ), compare(#item1, #item2)",
                "          ), ",
                "     array()",
                ")) ~> CalculateStartDates",
                "FilterForDataProduct derive(was_active = is_active,",
                "          start_datetime = currentTimestamp(),",
                "          duration_in_minutes = (currentTimestamp() - start_datetime) / 1000 / 60) ~> calcDuration",
                "setIsActive alterRow(upsertIf(do_start)) ~> UpsertCondition",
                "setIsActive derive(arraySize = (iif(isNull(end_datetime),currentDate(), toDate(toString(end_datetime), 'yyyy-MM-dd'))) - toDate(toString(last_run_datetime), 'yyyy-MM-dd') + 1) ~> calculateArraySize",
                "calcDuration derive(is_active = true(),",
                "          do_start = !was_active || duration_in_minutes > 1500) ~> setIsActive",
                "CalculateStartDates sink(validateSchema: false,",
                "     skipDuplicateMapInputs: true,",
                "     skipDuplicateMapOutputs: true,",
                "     store: 'cache',",
                "     format: 'inline',",
                "     output: true,",
                "     saveOrder: 1) ~> LastRunInfo",
                "UpsertCondition sink(allowSchemaDrift: true,",
                "     validateSchema: false,",
                "     deletable:false,",
                "     insertable:false,",
                "     updateable:false,",
                "     upsertable:true,",
                "     keys:['data_product'],",
                "     format: 'table',",
                "     skipDuplicateMapInputs: true,",
                "     skipDuplicateMapOutputs: true) ~> DatabaseSink"
            ]
        }
    }
}