{
    "name": "storeLastRun",
    "properties": {
        "type": "MappingDataFlow",
        "typeProperties": {
            "sources": [
                {
                    "dataset": {
                        "referenceName": "ds_psql_mrs_meta",
                        "type": "DatasetReference"
                    },
                    "name": "DummySource"
                }
            ],
            "sinks": [
                {
                    "dataset": {
                        "referenceName": "ds_psql_mrs_meta",
                        "type": "DatasetReference"
                    },
                    "name": "Database"
                }
            ],
            "transformations": [
                {
                    "name": "OverwriteTimestamp"
                },
                {
                    "name": "UpsertCondition"
                },
                {
                    "name": "SelectCorrectRow"
                }
            ],
            "scriptLines": [
                "parameters{",
                "     DataProduct as string,",
                "     TimestampString as string,",
                "     was_active as boolean,",
                "     ForeachStatus as boolean",
                "}",
                "source(output(",
                "          data_product as string,",
                "          last_run_datetime as timestamp,",
                "          last_processed_date as timestamp,",
                "          end_datetime as timestamp,",
                "          is_active as boolean",
                "     ),",
                "     allowSchemaDrift: true,",
                "     validateSchema: false,",
                "     isolationLevel: 'READ_UNCOMMITTED',",
                "     format: 'table') ~> DummySource",
                "SelectCorrectRow derive(data_product = $DataProduct,",
                "          last_run_datetime = iif($ForeachStatus, ",
                "    toTimestamp($TimestampString, 'yyyy-MM-dd\\'T\\'HH:mm:ss'),",
                "    iif(last_processed_date > last_run_datetime, ",
                "        last_processed_date,",
                "        last_run_datetime",
                "    )",
                "),",
                "          end_datetime = iif($ForeachStatus, ",
                "    toTimestamp(null()),",
                "    end_datetime",
                "),",
                "          is_active = $was_active) ~> OverwriteTimestamp",
                "OverwriteTimestamp alterRow(upsertIf(not($was_active))) ~> UpsertCondition",
                "DummySource filter(equals($DataProduct, data_product)) ~> SelectCorrectRow",
                "UpsertCondition sink(allowSchemaDrift: true,",
                "     validateSchema: false,",
                "     deletable:false,",
                "     insertable:false,",
                "     updateable:false,",
                "     upsertable:true,",
                "     keys:['data_product'],",
                "     format: 'table',",
                "     skipDuplicateMapInputs: true,",
                "     skipDuplicateMapOutputs: true) ~> Database"
            ]
        }
    }
}