{
    "name": "storeCurrentProcessingDate",
    "properties": {
        "type": "MappingDataFlow",
        "typeProperties": {
            "sources": [
                {
                    "dataset": {
                        "referenceName": "ds_psql_mrs_meta",
                        "type": "DatasetReference"
                    },
                    "name": "LastRunTable"
                }
            ],
            "sinks": [
                {
                    "dataset": {
                        "referenceName": "ds_psql_mrs_meta",
                        "type": "DatasetReference"
                    },
                    "name": "StoreLastProcessedDate"
                }
            ],
            "transformations": [
                {
                    "name": "SelectCorrectRow"
                },
                {
                    "name": "UpdateDate"
                },
                {
                    "name": "upsertRow"
                }
            ],
            "scriptLines": [
                "parameters{",
                "     DataProductName as string,",
                "     StartDate as string",
                "}",
                "source(output(",
                "          data_product as string,",
                "          last_run_datetime as timestamp,",
                "          end_datetime as timestamp,",
                "          last_processed_date as date",
                "     ),",
                "     allowSchemaDrift: true,",
                "     validateSchema: false,",
                "     isolationLevel: 'READ_UNCOMMITTED',",
                "     format: 'table') ~> LastRunTable",
                "LastRunTable filter(equals($DataProductName, data_product)) ~> SelectCorrectRow",
                "SelectCorrectRow derive(last_processed_date = $StartDate) ~> UpdateDate",
                "UpdateDate alterRow(upsertIf(true())) ~> upsertRow",
                "upsertRow sink(allowSchemaDrift: true,",
                "     validateSchema: false,",
                "     deletable:false,",
                "     insertable:true,",
                "     updateable:false,",
                "     upsertable:true,",
                "     keys:[(\"data_product\")],",
                "     format: 'table',",
                "     skipDuplicateMapInputs: true,",
                "     skipDuplicateMapOutputs: true) ~> StoreLastProcessedDate"
            ]
        }
    }
}