{
    "name": "createDataProductPipelineMemOptimized",
    "properties": {
        "description": "create Data Product Modules stored in Data Lake",
        "activities": [
            {
                "name": "retrieveMissingRunDates",
                "type": "ExecuteDataFlow",
                "dependsOn": [],
                "policy": {
                    "timeout": "0.12:00:00",
                    "retry": 2,
                    "retryIntervalInSeconds": 60,
                    "secureOutput": false,
                    "secureInput": false
                },
                "userProperties": [],
                "typeProperties": {
                    "dataflow": {
                        "referenceName": "retrieveMissingRunDates",
                        "type": "DataFlowReference",
                        "parameters": {
                            "DataProductName": {
                                "value": "'@{pipeline().parameters.DataProductName}'",
                                "type": "Expression"
                            }
                        },
                        "datasetParameters": {
                            "Database": {
                                "TableName": "adf_last_successful_runs"
                            },
                            "DatabaseSink": {
                                "TableName": "adf_last_successful_runs"
                            }
                        }
                    },
                    "integrationRuntime": {
                        "referenceName": "MemOptimizedMediumRuntime",
                        "type": "IntegrationRuntimeReference"
                    },
                    "traceLevel": "None",
                    "cacheSinks": {
                        "firstRowOnly": true
                    }
                }
            },
            {
                "name": "storeLastRun",
                "type": "ExecuteDataFlow",
                "dependsOn": [
                    {
                        "activity": "ForEach Date",
                        "dependencyConditions": [
                            "Completed"
                        ]
                    }
                ],
                "policy": {
                    "timeout": "0.12:00:00",
                    "retry": 2,
                    "retryIntervalInSeconds": 60,
                    "secureOutput": false,
                    "secureInput": false
                },
                "userProperties": [],
                "typeProperties": {
                    "dataflow": {
                        "referenceName": "storeLastRun",
                        "type": "DataFlowReference",
                        "parameters": {
                            "DataProduct": {
                                "value": "'@{pipeline().parameters.DataProductName}'",
                                "type": "Expression"
                            },
                            "TimestampString": {
                                "value": "'@{pipeline().TriggerTime}'",
                                "type": "Expression"
                            },
                            "was_active": {
                                "value": "@and(contains( activity('retrieveMissingRunDates').output.runStatus, 'output'),activity('retrieveMissingRunDates').output.runStatus.output.LastRunInfo.value[0].was_active)",
                                "type": "Expression"
                            },
                            "ForeachStatus": {
                                "value": "@variables('Status')",
                                "type": "Expression"
                            }
                        },
                        "datasetParameters": {
                            "DummySource": {
                                "TableName": "adf_last_successful_runs"
                            },
                            "Database": {
                                "TableName": "adf_last_successful_runs"
                            }
                        }
                    },
                    "integrationRuntime": {
                        "referenceName": "MemOptimizedMediumRuntime",
                        "type": "IntegrationRuntimeReference"
                    },
                    "traceLevel": "Coarse"
                }
            },
            {
                "name": "ForEach Date",
                "type": "ForEach",
                "dependsOn": [
                    {
                        "activity": "retrieveMissingRunDates",
                        "dependencyConditions": [
                            "Succeeded"
                        ]
                    }
                ],
                "userProperties": [],
                "typeProperties": {
                    "items": {
                        "value": "@activity('retrieveMissingRunDates').output.runStatus.output.LastRunInfo.value[0].startDate",
                        "type": "Expression"
                    },
                    "isSequential": true,
                    "activities": [
                        {
                            "name": "If Condition-Status",
                            "type": "IfCondition",
                            "dependsOn": [],
                            "userProperties": [],
                            "typeProperties": {
                                "expression": {
                                    "value": "@equals(variables('Status'),true)",
                                    "type": "Expression"
                                },
                                "ifFalseActivities": [
                                    {
                                        "name": "ForEach Failed",
                                        "type": "Fail",
                                        "dependsOn": [],
                                        "userProperties": [],
                                        "typeProperties": {
                                            "message": "Error during processing",
                                            "errorCode": "400"
                                        }
                                    }
                                ],
                                "ifTrueActivities": [
                                    {
                                        "name": "StoreCurrentDate",
                                        "type": "ExecuteDataFlow",
                                        "dependsOn": [
                                            {
                                                "activity": "Set ForEachStatus True",
                                                "dependencyConditions": [
                                                    "Succeeded"
                                                ]
                                            }
                                        ],
                                        "policy": {
                                            "timeout": "0.12:00:00",
                                            "retry": 3,
                                            "retryIntervalInSeconds": 60,
                                            "secureOutput": false,
                                            "secureInput": false
                                        },
                                        "userProperties": [],
                                        "typeProperties": {
                                            "dataflow": {
                                                "referenceName": "storeCurrentProcessingDate",
                                                "type": "DataFlowReference",
                                                "parameters": {
                                                    "DataProductName": {
                                                        "value": "'@{pipeline().parameters.DataProductName}'",
                                                        "type": "Expression"
                                                    },
                                                    "StartDate": {
                                                        "value": "'@{item()}'",
                                                        "type": "Expression"
                                                    }
                                                },
                                                "datasetParameters": {
                                                    "LastRunTable": {
                                                        "TableName": "adf_last_successful_runs"
                                                    },
                                                    "StoreLastProcessedDate": {
                                                        "TableName": "adf_last_successful_runs"
                                                    }
                                                }
                                            },
                                            "compute": {
                                                "coreCount": 8,
                                                "computeType": "General"
                                            },
                                            "traceLevel": "Fine"
                                        }
                                    },
                                    {
                                        "name": "create_data_product_for_mo360",
                                        "description": "creates a data product using Postgres as source and Data Lake as sink data flow for MO360",
                                        "type": "ExecuteDataFlow",
                                        "dependsOn": [],
                                        "policy": {
                                            "timeout": "1.00:00:00",
                                            "retry": 2,
                                            "retryIntervalInSeconds": 60,
                                            "secureOutput": false,
                                            "secureInput": false
                                        },
                                        "userProperties": [],
                                        "typeProperties": {
                                            "dataflow": {
                                                "referenceName": "createDataProductsDataFlow",
                                                "type": "DataFlowReference",
                                                "parameters": {
                                                    "DataProductName": {
                                                        "value": "'@{pipeline().parameters.DataProductName}'",
                                                        "type": "Expression"
                                                    },
                                                    "SQLQuery": {
                                                        "value": "@pipeline().parameters.SQLQuery",
                                                        "type": "Expression"
                                                    },
                                                    "SinkDataLakeContainerName": {
                                                        "value": "'@{concat('mrs-data-clients-mo360-fs-', pipeline().globalParameters.environment)}'",
                                                        "type": "Expression"
                                                    },
                                                    "KeyColumnsList": {
                                                        "value": "@pipeline().parameters.KeyColumnsList",
                                                        "type": "Expression"
                                                    },
                                                    "Startdate": {
                                                        "value": "'@{item()}'",
                                                        "type": "Expression"
                                                    },
                                                    "StoreInAdl": {
                                                        "value": "@pipeline().parameters.StoreInAdl",
                                                        "type": "Expression"
                                                    }
                                                },
                                                "datasetParameters": {
                                                    "StoreDataProductInADX": {
                                                        "TableName": {
                                                            "value": "@pipeline().parameters.DataProductName",
                                                            "type": "Expression"
                                                        }
                                                    }
                                                }
                                            },
                                            "integrationRuntime": {
                                                "referenceName": "MemOptimizedMediumRuntime",
                                                "type": "IntegrationRuntimeReference"
                                            },
                                            "traceLevel": "Coarse",
                                            "continueOnError": true
                                        }
                                    },
                                    {
                                        "name": "Set ForEachStatus False",
                                        "description": "",
                                        "type": "SetVariable",
                                        "dependsOn": [
                                            {
                                                "activity": "create_data_product_for_mo360",
                                                "dependencyConditions": [
                                                    "Failed"
                                                ]
                                            }
                                        ],
                                        "policy": {
                                            "secureOutput": false,
                                            "secureInput": false
                                        },
                                        "userProperties": [],
                                        "typeProperties": {
                                            "variableName": "Status",
                                            "value": {
                                                "value": "@bool(false)",
                                                "type": "Expression"
                                            }
                                        }
                                    },
                                    {
                                        "name": "Set ForEachStatus True",
                                        "type": "SetVariable",
                                        "dependsOn": [
                                            {
                                                "activity": "create_data_product_for_mo360",
                                                "dependencyConditions": [
                                                    "Succeeded"
                                                ]
                                            }
                                        ],
                                        "policy": {
                                            "secureOutput": false,
                                            "secureInput": false
                                        },
                                        "userProperties": [],
                                        "typeProperties": {
                                            "variableName": "Status",
                                            "value": {
                                                "value": "@bool(true)",
                                                "type": "Expression"
                                            }
                                        }
                                    }
                                ]
                            }
                        }
                    ]
                }
            },
            {
                "name": "ForeachFail",
                "type": "Fail",
                "dependsOn": [
                    {
                        "activity": "ForEach Date",
                        "dependencyConditions": [
                            "Failed"
                        ]
                    }
                ],
                "userProperties": [],
                "typeProperties": {
                    "message": "Error during processing",
                    "errorCode": "400"
                }
            }
        ],
        "parameters": {
            "DataProductName": {
                "type": "string"
            },
            "SQLQuery": {
                "type": "string"
            },
            "KeyColumnsList": {
                "type": "array"
            },
            "StoreInAdl": {
                "type": "bool",
                "defaultValue": true
            }
        },
        "variables": {
            "Status": {
                "type": "Boolean",
                "defaultValue": true
            }
        },
        "folder": {
            "name": "DataProducts"
        },
        "annotations": [],
        "lastPublishTime": "2024-01-18T13:50:26Z"
    },
    "type": "Microsoft.DataFactory/factories/pipelines"
}