{
    "name": "createDataProductPqdMeasurements",
    "properties": {
        "description": "create Data Product PQD Measurments stored in Data Lake",
        "activities": [
            {
                "name": "create data product - PqdMeasurements",
                "type": "ExecutePipeline",
                "dependsOn": [],
                "userProperties": [],
                "typeProperties": {
                    "pipeline": {
                        "referenceName": "createDataProductPipelineMemOptimized",
                        "type": "PipelineReference"
                    },
                    "waitOnCompletion": true,
                    "parameters": {
                        "DataProductName": {
                            "value": "PqdMeasurements",
                            "type": "Expression"
                        },
                        "SQLQuery": {
                            "value": "\"SELECT measurement_id, deletion_datetime, event_datetime AS measurement_date, is_first_measure, is_last_measure, is_rework, q_concl_plant AS plant, q_concl_chkpt AS checkpoint, q_conclusion AS conclusion, q_concl_detail AS conclusion_detail, q_concl_state AS conclusion_state, fault_code, workstep_type, pmi, code_system, vehicle_location, chassis_class, is_to_archive, p_shift as shift, p_week as week, shift_flag, shift_seq_flag, last_measurement_id, last_rep_measurement_id FROM pqd_measurement_d WHERE lupd_datetime BETWEEN :startDatePlaceholder AND :endDatePlaceholder\"",
                            "type": "Expression"
                        },
                        "KeyColumnsList": {
                            "value": "array(\"measurement_id\")",
                            "type": "Expression"
                        }
                    }
                }
            }
        ],
        "folder": {
            "name": "DataProducts"
        },
        "annotations": [],
        "lastPublishTime": "2024-01-18T13:50:29Z"
    },
    "type": "Microsoft.DataFactory/factories/pipelines"
}