{
    "name": "MemOptimizedMediumRuntime",
    "properties": {
        "type": "Managed",
        "typeProperties": {
            "computeProperties": {
                "location": "AutoResolve",
                "dataFlowProperties": {
                    "computeType": "MemoryOptimized",
                    "coreCount": 8,
                    "timeToLive": 10,
                    "cleanup": false,
                    "customProperties": [
                        {
                            "name": "Shuffle partitions",
                            "value": "800"
                        }
                    ]
                }
            }
        }
    }
}