{
    "name": "ls_psql_mrs_data",
    "type": "Microsoft.DataFactory/factories/linkedservices",
    "properties": {
        "annotations": [],
        "type": "AzurePostgreSql",
        "typeProperties": {
            "connectionString": {
                "type": "AzureKeyVaultSecret",
                "store": {
                    "referenceName": "ls_kv_mrs_data",
                    "type": "LinkedServiceReference"
                },
                "secretName": "psql-mrs-data-server-connection-string"
            }
        }
    }
}