{
    "now": "2024-01-26T10:32:08.992Z",
    "perfNow": 101661271.9,
    "diagnosticCorrelation": "e24ff0aa-4c89-44d0-973a-9884149a71ee",
    "source": "DownloadSupportFiles",
    "environment": {
        "productName": "adf",
        "buildVersion": "1.0.012324.1",
        "environmentType": 3,
        "resourceName": "mrs-data-datafactory-prod",
        "resourceRegion": "westeurope",
        "resourceGroup": "mrs-data-prod",
        "subscriptionId": "899f8360-51e7-48d5-a1d8-9461072fc556",
        "sessionId": "mAQ+o/cmMQweLnnpLKHNxY",
        "operationId": "",
        "gitType": "live",
        "loggingKey": "8bbf0e99-725a-472c-92dd-1c6f8218eb1d"
    },
    "additionalInfo": {
        "selectedResource": "createDataProductPqdMeasurements",
        "selectedResourceType": "pipeline"
    }
}