{
    "name": "ds_adx_mrs_data",
    "properties": {
        "linkedServiceName": {
            "referenceName": "ls_adx_mrs_data",
            "type": "LinkedServiceReference"
        },
        "parameters": {
            "TableName": {
                "type": "string"
            }
        },
        "annotations": [],
        "type": "AzureDataExplorerTable",
        "schema": [],
        "typeProperties": {
            "table": {
                "value": "@dataset().TableName",
                "type": "Expression"
            }
        }
    },
    "type": "Microsoft.DataFactory/factories/datasets"
}