{
    "name": "ds_psql_mrs_meta",
    "properties": {
        "linkedServiceName": {
            "referenceName": "ls_psql_mrs_data",
            "type": "LinkedServiceReference"
        },
        "parameters": {
            "TableName": {
                "type": "string"
            }
        },
        "annotations": [],
        "type": "AzurePostgreSqlTable",
        "schema": [],
        "typeProperties": {
            "schema": "meta",
            "table": {
                "value": "@dataset().TableName",
                "type": "Expression"
            }
        }
    },
    "type": "Microsoft.DataFactory/factories/datasets"
}